,_id,ltable_id,rtable_id,ltable_title,ltable_cast,ltable_directors,ltable_writers,ltable_genres,ltable_keywords,ltable_content_rating,ltable_languages,ltable_budget,ltable_revenue,ltable_opening_weekend_revenue,ltable_production_companies,ltable_production_countries,ltable_alternative_titles,rtable_title,rtable_cast,rtable_directors,rtable_writers,rtable_genres,rtable_keywords,rtable_content_rating,rtable_languages,rtable_budget,rtable_revenue,rtable_opening_weekend_revenue,rtable_production_companies,rtable_production_countries,rtable_alternative_titles
0,0,a372,b4949,Star Wars: Episode III - Revenge of the Sith,Ewan McGregor;Natalie Portman;Hayden Christensen;Ian McDiarmid;Samuel L. Jackson,George Lucas,George Lucas,Action;Adventure;Fantasy;Sci-Fi,elongated cry of no;vision;robotic midwife;friends become enemies;kicked in the butt,PG-13,English,$113000000,$848754768,$108435841,Lucasfilm,USA,Revenge of the Sith,Star Wars: Episode I - The Phantom Menace,Liam Neeson;Ewan McGregor;Natalie Portman;Jake Lloyd;Ian McDiarmid,George Lucas,George Lucas,Adventure;Action;Science Fiction,prophecy;senate;queen;taskmaster;galaxy;apprentice;taxes;space opera,PG,English,$115000000.00,$924317558.00,,,,
1,1,a117,b1020,Back to the Future,Michael J. Fox;Christopher Lloyd;Lea Thompson;Crispin Glover;Thomas F. Wilson,Robert Zemeckis,Robert Zemeckis;Bob Gale,Adventure;Comedy;Sci-Fi,time travel;delorean;time travel comedy;time machine;future,PG,English,$19000000,$381109762,$11332134,Universal Pictures;Amblin Entertainment;U-Drive Productions,USA,Volver al futuro,Back to the Future Part III,Michael J. Fox;Christopher Lloyd;Mary Steenburgen;Thomas F. Wilson;Lea Thompson,Robert Zemeckis,Bob Gale;Bob Gale;Robert Zemeckis,Adventure;Comedy;Family;Science Fiction,railroad robber;california;delorean;indian territory;sports car;inventor;locomotive;saloon;horseback riding;time travel;outlaw;sequel;mad scientist;native american;western;shootout;gunfight;train;wild west;cavalry,PG,English,$40000000.00,$244527583.00,,,,
2,2,a156,b425,Star Trek,Chris Pine;Zachary Quinto;Leonard Nimoy;Eric Bana;Bruce Greenwood,J.J. Abrams,Roberto Orci;Alex Kurtzman,Action;Adventure;Sci-Fi,vulcan;future;based on tv series;lifted by the throat;star trek,PG-13,English,$150000000,$385680446,$72500000,Paramount Pictures;Spyglass Entertainment;Bad Robot,USA;Germany,Corporate HQ,Star Trek Into Darkness,Chris Pine;Zachary Quinto;Zoe Saldana;Karl Urban;Simon Pegg,J.J. Abrams,Damon Lindelof;Roberto Orci;Alex Kurtzman,Action;Adventure;Science Fiction,spacecraft;friendship;sequel;futuristic;space;alien;imax;space opera;terrorist bombing;3d,PG-13,English,$190000000.00,$467365246.00,,,,
3,3,a117,b5341,Back to the Future,Michael J. Fox;Christopher Lloyd;Lea Thompson;Crispin Glover;Thomas F. Wilson,Robert Zemeckis,Robert Zemeckis;Bob Gale,Adventure;Comedy;Sci-Fi,time travel;delorean;time travel comedy;time machine;future,PG,English,$19000000,$381109762,$11332134,Universal Pictures;Amblin Entertainment;U-Drive Productions,USA,Volver al futuro,Back to the Future Part II,Michael J. Fox;Christopher Lloyd;Lea Thompson;Elisabeth Shue;James Tolkan,Robert Zemeckis,Bob Gale;Bob Gale;Robert Zemeckis,Adventure;Comedy;Family;Science Fiction,skateboarding;flying car;car race;delorean;lightning;almanac;inventor;time travel;sequel;diner;alternate history;teenager;electric guitar;walking cane;high school dance;hoverboard;video phone,PG,English,$40000000.00,$332000000.00,,,,
4,4,a1093,b5037,The Meaning of Life,Graham Chapman;John Cleese;Terry Gilliam;Eric Idle;Terry Jones,Terry Jones;Terry Gilliam,Graham Chapman;John Cleese,Comedy;Musical,death character;monty python;meaning of life;sperm;grim reaper,R,English,$9000000,,$1987000,Celandine Films;The Monty Python Partnership;Universal Pictures,UK,Monty Python's The Meaning of Life,Monty Python and the Holy Grail,Graham Chapman;John Cleese;Terry Gilliam;Eric Idle;Terry Jones,Terry Jones;Terry Gilliam,Terry Jones;Terry Gilliam;John Cleese;Eric Idle;Graham Chapman;Michael Palin,Adventure;Comedy;Fantasy,holy grail;monk;england;scotland yard;swordplay;camelot;round table;chapter;animal attack;knight;king arthur;wedding reception;midnight movie;cult film;monty python;knights of the round table;anarchic comedy,PG,English,$400000.00,$5028948.00,,,,
5,5,a162,b49,Kill Bill: Vol. 1,Uma Thurman;Lucy Liu;Vivica A. Fox;Daryl Hannah;David Carradine,Quentin Tarantino,Quentin Tarantino;Quentin Tarantino,Action;Crime;Thriller,bride;revenge;sword;japan;martial arts,R,English;Japanese;French,$30000000,$180949045,$22089322,Miramax;A Band Apart;Super Cool ManChu,USA;Japan,Kill Bill,Kill Bill: Vol. 2,Uma Thurman;David Carradine;Daryl Hannah;Michael Madsen;Gordon Liu Chia-Hui,Quentin Tarantino,Quentin Tarantino,Action;Crime;Thriller,sibling relationship;swordplay;katana;mother role;rage and hate;daughter;right and justice;single;aftercreditsstinger;duringcreditsstinger,R,English,$30000000.00,$152159461.00,,,,
6,6,a360,b5003,The Evil Dead,Bruce Campbell;Ellen Sandweiss;Richard DeManincor;Betsy Baker;Theresa Tilly,Sam Raimi,Sam Raimi,Horror,cult film;evil dead;necronomicon;supernatural rape;book of the dead,NC-17,English,,,,Renaissance Pictures,USA,Book of the Dead,Evil Dead II,Bruce Campbell;Sarah Berry;Dan Hicks;Kassie DePaiva;Denise Bixler,Sam Raimi,Sam Raimi;Scott Spiegel,Horror;Comedy;Fantasy,deer;blood splatter;tape recorder;chainsaw;spirit;violence;over the top;book of the dead;evil dead;eyeball;necronomicon;tarmac;meat cleaver,R,English,$3600000.00,$5923044.00,,,,
7,7,a250,b4452,Home Alone,Macaulay Culkin;Joe Pesci;Daniel Stern;John Heard;Roberts Blossom,Chris Columbus,John Hughes,Comedy;Family,christmas;home alone;child protagonist;burglary;booby trap,PG,English,$18000000,$533800000,$17081997,Hughes Entertainment;Twentieth Century Fox,USA,Mi pobre angelito,Home Alone 2: Lost in New York,Macaulay Culkin;Joe Pesci;Catherine O'Hara;Daniel Stern;John Heard,Chris Columbus,John Hughes,Comedy;Family;Adventure;Crime,holiday;new york;usa;burglar;sequel;little boy;new york city;home invasion;family;lost;precocious child;home alone;mischievous child;christmas;child rescue,PG,English,$18000000.00,$358991681.00,,,,
8,8,a524,b1933,Before Sunrise,Ethan Hawke;Julie Delpy;Andrea Eckert;Hanno Pöschl;Karl Bruckschwaiger,Richard Linklater,Richard Linklater;Kim Krizan,Drama;Romance,conversations;train;french;tourist;train encounter,R,English;German;French,$2500000,$17200000,$1423537,Castle Rock Entertainment;Detour Filmproduction;Filmhaus Wien Universa Filmproduktions,USA;Austria;Switzerland,Antes del amanecer,Before Sunset,Ethan Hawke;Julie Delpy;Vernon Dobtcheff;Louise Lemoine Torrès;Rodolphe Pauly,Richard Linklater,Richard Linklater;Richard Linklater;Kim Krizan;Julie Delpy;Ethan Hawke,Drama;Romance,paris;journalist;dialogue;talking;soulmates;walking;bookshop;love of one's life;author,R,English,$2700000.00,$15992615.00,,,,
9,9,a625,b277,Ghost in the Shell,Atsuko Tanaka;Akio Ôtsuka;Kôichi Yamadera;Yutaka Nakano;Tamio Ohki,Mamoru Oshii,Shirow Masamune;Kazunori Itô,Animation;Action;Crime;Drama;Mystery;Sci-Fi;Thriller,anime;cyborg;policewoman;hacker;philosophical,NOT RATED,Japanese,JPY 600000000,$583393,$2736,Kôdansha;Bandai Visual Company;Manga Entertainment,Japan;UK,Armored Riot Police,Ghost in the Shell 2: Innocence,Atsuko Tanaka;Akio Ohtsuka;Kouichi Yamadera;Tamio Ohki;Yutaka Nakano,Mamoru Oshii,Mamoru Oshii,Animation;Drama;Science Fiction,cyborg;android;japanese;future;elite unit;futuristic;sexual violence;cyberpunk;hong kong,PG-13,Japanese,-,$9789651.00,,,,
10,10,a572,b786,Star Trek II: The Wrath of Khan,William Shatner;Leonard Nimoy;DeForest Kelley;James Doohan;Walter Koenig,Nicholas Meyer,Gene Roddenberry;Harve Bennett,Action;Adventure;Sci-Fi,planet;space station;trap;taunt;jamming communications,PG,English,$11200000,$97000000,$14347221,Paramount Pictures,USA,Star Trek II: The Undiscovered Country,Star Trek VI: The Undiscovered Country,William Shatner;Leonard Nimoy;DeForest Kelley;James Doohan;George Takei,Nicholas Meyer,Nicholas Meyer;Denny Martin Flinn,Science Fiction;Action;Adventure;Thriller,farewell;federation;starfleet;peace conference;uss enterprise-a;rura penthe;court case;peace contract;plan;klingon;space opera,PG,English,$27000000.00,$96900000.00,,,,
11,11,a803,b347,The Raid 2,Iko Uwais;Arifin Putra;Tio Pakusadewo;Oka Antara;Alex Abbad,Gareth Evans,Gareth Evans,Action;Thriller,prison;jakarta indonesia;police;undercover;gangster,R,Indonesian;Japanese;English,$4500000,,$165292,Pt. Merantau Films;XYZ Films,Indonesia;USA,The Raid 2,The Raid,Iko Uwais;Joe Taslim;Donny Alamsyah;Yayan Ruhian;Ray Sahetapy,Gareth Evans,Gareth Evans,Action;Thriller;Crime,crime boss;tenement;high rise;monitor;tower block;jakarta indonesia;swat;swat team,R,Indonesian,$1100000.00,$4105187.00,,,,
12,12,a423,b2936,Despicable Me,Steve Carell;Jason Segel;Russell Brand;Julie Andrews;Will Arnett,Pierre Coffin;Chris Renaud,Cinco Paul;Ken Daurio,Animation;Adventure;Comedy;Family;Fantasy,girl;moon;white picket fence;pyramid;minion,PG,English,$69000000,$543113985,$56397125,Universal Pictures;Illumination Entertainment,USA;France,Mi villano favorito,Despicable Me 2,Steve Carell;Kristen Wiig;Benjamin Bratt;Miranda Cosgrove;Dana Gaier,Pierre Coffin;Chris Renaud,Cinco Paul;Ken Daurio,Animation;Comedy;Family,parent child relationship;secret agent;bakery;good vs evil;falling in love;family;duringcreditsstinger;first date;minions,PG,English,$76000000.00,$970761885.00,,,,
13,13,a198,b550,Pirates of the Caribbean: The Curse of the Black Pearl,Johnny Depp;Geoffrey Rush;Orlando Bloom;Keira Knightley;Jack Davenport,Gore Verbinski,Ted Elliott;Terry Rossio,Action;Adventure;Fantasy,curse;undead;pirate;governor;caribbean,PG-13,English,$140000000,$654264015,$46630690,Walt Disney Pictures;Jerry Bruckheimer Films,USA,P.O.T.C.,Pirates of the Caribbean: Dead Man's Chest,Johnny Depp;Orlando Bloom;Keira Knightley;Stellan Skarsgård;Bill Nighy,Gore Verbinski,Ted Elliott;Ted Elliott;Terry Rossio;Terry Rossio,Adventure;Fantasy;Action,witch;fortune teller;bondage;exotic island;monster;captain;card game;east india trading company;compass;ship;daughter;pirate;swashbuckler;aftercreditsstinger,PG-13,English,$200000000.00,$1065659812.00,,,,
14,14,a778,b578,The Naked Gun: From the Files of Police Squad!,Leslie Nielsen;Priscilla Presley;Ricardo Montalban;George Kennedy;O.J. Simpson,David Zucker,Jerry Zucker;Jim Abrahams,Comedy;Crime,assassin;terrorist;good versus evil;police;queen,PG-13,English,$12000000,,$9300000,Paramount Pictures,USA,Police Squad!,The Naked Gun 2½: The Smell of Fear,Leslie Nielsen;Priscilla Presley;George Kennedy;O.J. Simpson;Robert Goulet,David Zucker,David Zucker;Pat Proft;Jim Abrahams,Comedy;Crime,washington d.c.;usa president;spoof;the white house,PG-13,English,$23000000.00,$86930411.00,,,,
15,15,a423,b3110,Despicable Me,Steve Carell;Jason Segel;Russell Brand;Julie Andrews;Will Arnett,Pierre Coffin;Chris Renaud,Cinco Paul;Ken Daurio,Animation;Adventure;Comedy;Family;Fantasy,girl;moon;white picket fence;pyramid;minion,PG,English,$69000000,$543113985,$56397125,Universal Pictures;Illumination Entertainment,USA;France,Mi villano favorito,Despicable Me 3,Steve Carell;Kristen Wiig;Trey Parker;Miranda Cosgrove;Dana Gaier,Pierre Coffin;Kyle Balda,Cinco Paul;Ken Daurio,Action;Animation;Comedy,good vs evil;minions;despicable,PG,English,$80000000.00,$1031552585.00,,,,
16,16,a345,b3133,Star Wars: Episode VI - Return of the Jedi,Mark Hamill;Harrison Ford;Carrie Fisher;Billy Dee Williams;Anthony Daniels,Richard Marquand,Lawrence Kasdan;George Lucas,Action;Adventure;Fantasy;Sci-Fi,death star;villain turns good;rebel;empire;emperor,PG,English,$32500000,$572705079,$30490619,Lucasfilm,USA,Blue Harvest,The Empire Strikes Back,Mark Hamill;Harrison Ford;Carrie Fisher;Billy Dee Williams;Anthony Daniels,Irvin Kershner,Lawrence Kasdan;Leigh Brackett;George Lucas,Adventure;Action;Science Fiction,rebel;android;asteroid;space battle;snow storm;space colony;spaceship;lightsaber;jedi;good vs evil;rebellion;the force;space opera;stormtrooper;wookie;jedi master;jedi training;droid,PG,English,$18000000.00,$538400000.00,,,,
17,17,a209,b2569,The Godfather: Part III,Al Pacino;Diane Keaton;Talia Shire;Andy Garcia;Eli Wallach,Francis Ford Coppola,Mario Puzo;Francis Ford Coppola,Crime;Drama,repeating history;family relationships;mob hit;1970s;opera,R,English;Italian;German;Latin,$54000000,$136766062,$6387271,Paramount Pictures;Zoetrope Studios,USA,Mario Puzo's The Godfather: Part III,The Godfather: Part II,Al Pacino;Robert Duvall;Diane Keaton;Robert De Niro;John Cazale,Francis Ford Coppola,Mario Puzo;Mario Puzo;Francis Ford Coppola,Drama;Crime,italy;italian american;cuba;melancholy;praise;revenge;mafia;lawyer;blood;crime;suburb;corrupt politician;bloody body of child;man punches woman,R,English,$13000000.00,$102600000.00,,,,
18,18,a361,b2151,The Boondock Saints,Willem Dafoe;Sean Patrick Flanery;Norman Reedus;David Della Rocco;Billy Connolly,Troy Duffy,Troy Duffy,Action;Crime;Thriller,fbi agent;irish;fbi;mafia;friend,R,English;Spanish;Papiamento;Russian;Latin,$7000000,,$19930,Franchise Pictures;Brood Syndicate;Fried Films,USA;Canada,Der blutige Pfad Gottes,The Boondock Saints II: All Saints Day,Sean Patrick Flanery;Norman Reedus;Billy Connolly;Clifton Collins Jr;Julie Benz,Troy Duffy,Troy Duffy;Troy Duffy;Taylor Duffy,Action;Thriller;Crime,boston;sheep;friendship;sequel;revenge;ireland,R,English,$8000000.00,$10629321.00,,,,
19,19,a763,b383,Dawn of the Dead,David Emge;Ken Foree;Scott H. Reiniger;Gaylen Ross;David Crawford,George A. Romero,George A. Romero,Horror;Thriller,cult film;flesh eating;pennsylvania;zombie apocalypse;looter,UNRATED,English;Spanish,$650000,$55000000,,Dawn Associates;Laurel Group,USA;Italy,George A. Romero's Dawn of the Dead,Diary of the Dead,Michelle Morgan;Joshua Close;Shawn Roberts;Amy Lalonde;Joe Dinicol,George A. Romero,George A. Romero,Horror;Action;Science Fiction,zombie;found footage,R,English,$2000000.00,$5364858.00,,,,
20,20,a198,b2757,Pirates of the Caribbean: The Curse of the Black Pearl,Johnny Depp;Geoffrey Rush;Orlando Bloom;Keira Knightley;Jack Davenport,Gore Verbinski,Ted Elliott;Terry Rossio,Action;Adventure;Fantasy,curse;undead;pirate;governor;caribbean,PG-13,English,$140000000,$654264015,$46630690,Walt Disney Pictures;Jerry Bruckheimer Films,USA,P.O.T.C.,Pirates of the Caribbean: At World's End,Johnny Depp;Orlando Bloom;Keira Knightley;Stellan Skarsgård;Chow Yun-fat,Gore Verbinski,Ted Elliott;Terry Rossio,Adventure;Fantasy;Action,ocean;sea;drug abuse;exotic island;east india trading company;love of one's life;traitor;shipwreck;strong woman;ship;alliance;calypso;afterlife;fighter;pirate;swashbuckler;aftercreditsstinger,PG-13,English,$300000000.00,$961000000.00,,,,
21,21,a609,b108,The Raid: Redemption,Iko Uwais;Joe Taslim;Donny Alamsyah;Yayan Ruhian;Pierre Gruno,Gareth Evans,Gareth Evans,Action;Thriller,indonesia;apartment;police;swat team;gangster,R,Indonesian,$1100000,,$213785,Pt. Merantau Films;Celluloid Dreams;XYZ Films,Indonesia;France;USA,The Raid: Redemption,The Raid 2,Iko Uwais;Arifin Putra;Oka Antara;Tio Pakusadewo;Alex Abbad,Gareth Evans,Gareth Evans,Action;Crime;Thriller,prison;undercover;fight;gangster;police;violence;outnumbered,,Indonesian,$4500000.00,$2627209.00,,,,
22,22,a725,b1976,Night of the Living Dead,Duane Jones;Judith O'Dea;Karl Hardman;Marilyn Eastman;Keith Wayne,George A. Romero,John A. Russo;George A. Romero,Horror,zombie;basement;cemetery;running out of gas;night of the living dead,NOT RATED,English,$114000,$30000000,$5452,Image Ten;Laurel Group;Market Square Productions,USA,Laugh Track: Night of the Living Dead,Night of the Living Dead,Patricia Tallman;Tony Todd;Tom Towles;McKee Anderson;Bill Moseley,Tom Savini,George A. Romero,Horror,remake;attack;zombie;chainsaw,R,English,$4200000.00,$5835247.00,,,,
23,23,a809,b2729,Manhattan,Woody Allen;Diane Keaton;Michael Murphy;Mariel Hemingway;Meryl Streep,Woody Allen,Woody Allen;Marshall Brickman,Comedy;Drama;Romance,place name in title;national film registry;book;writing;writer,R,English,$9000000,,$485734,Jack Rollins & Charles H. Joffe Productions,USA,Manhetenas,Sleeper,Woody Allen;Diane Keaton;John Beck;Mary Gregory;Brian Avery,Woody Allen,Woody Allen;Marshall Brickman,Comedy;Romance;Science Fiction,sex;revolution;future;dystopia;government;control;satire;independent film;robot;tyranny;cyrogenics;anarchic comedy,PG,English,$2000000.00,$18344729.00,,,,
24,24,a763,b3403,Dawn of the Dead,David Emge;Ken Foree;Scott H. Reiniger;Gaylen Ross;David Crawford,George A. Romero,George A. Romero,Horror;Thriller,cult film;flesh eating;pennsylvania;zombie apocalypse;looter,UNRATED,English;Spanish,$650000,$55000000,,Dawn Associates;Laurel Group,USA;Italy,George A. Romero's Dawn of the Dead,Land of the Dead,Simon Baker;John Leguizamo;Dennis Hopper;Robert Joy;Asia Argento,George A. Romero,George A. Romero,Horror,cage;dystopia;survivor;zombie;zombie apocalypse,,English,$15000000.00,$46770602.00,,,,
25,25,a252,b4965,The Hangover,Bradley Cooper;Ed Helms;Zach Galifianakis;Justin Bartha;Heather Graham,Todd Phillips,Jon Lucas;Scott Moore,Comedy,female frontal nudity;morning after;female nudity;hangover;drunkenness,R,English,$35000000,$467483912,$44979319,Warner Bros.;Legendary Entertainment;Green Hat Films,USA;Germany,¿Qué pasó ayer?,The Hangover Part II,Bradley Cooper;Ed Helms;Zach Galifianakis;Justin Bartha;Ken Jeong,Todd Phillips,Todd Phillips;Scot Armstrong;Craig Mazin,Comedy,sun glasses;interpol;undercover cop;hangover;duringcreditsstinger,R,English,$80000000.00,$254455986.00,,,,
26,26,a1093,b1635,The Meaning of Life,Graham Chapman;John Cleese;Terry Gilliam;Eric Idle;Terry Jones,Terry Jones;Terry Gilliam,Graham Chapman;John Cleese,Comedy;Musical,death character;monty python;meaning of life;sperm;grim reaper,R,English,$9000000,,$1987000,Celandine Films;The Monty Python Partnership;Universal Pictures,UK,Monty Python's The Meaning of Life,Life of Brian,Graham Chapman;John Cleese;Terry Gilliam;Eric Idle;Terry Jones,Terry Jones,Terry Jones;John Cleese;Eric Idle;Graham Chapman;Michael Palin;Terry Gilliam,Comedy,christianity;jewry;resistance;gladiator;roman empire;balcony;miracle;graffiti;jesus christ;doomed man;latin;three kings;crucifixion;bethlehem;dying and death;stoning;religion;sermon on the mount;cult film;anarchic comedy,R,English,$4000000.00,$20045115.00,,,,
27,27,a60,b3662,The Avengers,Robert Downey Jr.;Chris Evans;Mark Ruffalo;Chris Hemsworth;Scarlett Johansson,Joss Whedon,Joss Whedon;Zak Penn,Action;Adventure;Sci-Fi,alien invasion;superhero;s.h.i.e.l.d.;soldier;assassin,PG-13,English;Russian;Hindi,$220000000,$1519557910,$207438708,Marvel Studios;Paramount Pictures,USA,Group Hug,Avengers: Age of Ultron,Robert Downey Jr.;Chris Hemsworth;Mark Ruffalo;Chris Evans;Scarlett Johansson,Joss Whedon,Joss Whedon,Action;Adventure;Science Fiction,sequel;superhero;based on comic;vision;good vs evil;superhero team;captain america;iron man;hulk;duringcreditsstinger;marvel cinematic universe;3d;thor,PG-13,English,$280000000.00,$1405403694.00,,,,
28,28,a723,b399,Before Midnight,Ethan Hawke;Julie Delpy;Seamus Davey-Fitzpatrick;Jennifer Prior;Charlotte Prior,Richard Linklater,Richard Linklater;Julie Delpy,Drama;Romance,greece;hotel;hotel room;american;writer,R,English;Greek;French,$3000000,$23380979,$246914,Faliro House Productions;Venture Forth;Castle Rock Entertainment,USA;Greece,Untitled Before Sunset Sequel,Before Sunrise,Ethan Hawke;Julie Delpy;Andrea Eckert;Hanno Pöschl;Karl Bruckschwaiger,Richard Linklater,Richard Linklater;Kim Krizan,Drama;Romance,dialogue;sunrise;talking;soulmates;walking;austria;traveller;danube;bittersweet;romantic;vienna,R,English,$2500000.00,$5535405.00,,,,
29,29,a97,b1533,Harry Potter and the Deathly Hallows: Part 2,Ralph Fiennes;Michael Gambon;Alan Rickman;Daniel Radcliffe;Rupert Grint,David Yates,Steve Kloves;J.K. Rowling,Adventure;Drama;Fantasy;Mystery,ginny weasley character;remus lupin character;lucius malfoy character;professor severus snape character;draco malfoy character,PG-13,English,$125000000,$1341511219,$169189427,Warner Bros.;Heyday Films;Moving Picture Company (MPC),USA;UK,Harry Potter and the Deathly Hallows: Part 2 3D,Harry Potter and the Deathly Hallows: Part 1,Daniel Radcliffe;Emma Watson;Rupert Grint;Ralph Fiennes;Helena Bonham Carter,David Yates,Steve Kloves;J.K. Rowling,Adventure;Fantasy;Family,corruption;isolation;radio;magic;teleportation;bravery;tension;attack;werewolf,PG-13,English,$250000000.00,$954305868.00,,,,
30,30,a322,b899,Star Wars: Episode V - The Empire Strikes Back,Mark Hamill;Harrison Ford;Carrie Fisher;Billy Dee Williams;Anthony Daniels,Irvin Kershner,Leigh Brackett;Lawrence Kasdan,Action;Adventure;Fantasy;Sci-Fi,famous twist;rescue;rebel;duel;snowy landscape,PG,English,$18000000,$247916602,$6415804,Lucasfilm,USA,Star Wars V: The Empire Strikes Back,Return of the Jedi,Mark Hamill;Harrison Ford;Carrie Fisher;Billy Dee Williams;Anthony Daniels,Richard Marquand,George Lucas;George Lucas;Lawrence Kasdan,Adventure;Action;Science Fiction,sibling relationship;rebel;emperor;space battle;matter of life and death;spaceship;death star;jabba the hutt;ewoks;jedi;space opera,PG,English,$32350000.00,$572700000.00,,,,
31,31,a2353,b2432,Castaway on the Moon,Jae-yeong Jeong;Ryeowon Jung;Yeong-seo Park;Mi-kyeong Yang;Min-heui Hong,Hae-jun Lee,Hae-jun Lee,Drama;Romance,stranded on an island;hikikomori;suicide;climbing;isolation,PG-13,Korean;English,$5000000,,,CJ Entertainment;Banzakbanzak,South Korea,Castaway on the Moon,Castaway on the Moon,Jung Jae-young;Jung Ryeo-won;Yang Mi-kyung;Park Young-seo;Jang So-yeon,Lee Hae-Jun,Lee Hae-Jun,Drama;Comedy;Romance,suicide attempt;isolation;loneliness;castaway,,Korean,-,-,,,,
32,32,a508,b4498,X2,Patrick Stewart;Hugh Jackman;Ian McKellen;Halle Berry;Famke Janssen,Bryan Singer,Zak Penn;David Hayter,Action;Adventure;Fantasy;Sci-Fi;Thriller,supernatural power;ice manipulation;canadian abroad;raven darkholme character;logan character,PG-13,English;German;Italian;Spanish,$110000000,$407711549,$85558731,Twentieth Century Fox;Marvel Enterprises;Donners' Company,Canada;USA,X-2,X-Men,Patrick Stewart;Hugh Jackman;Ian McKellen;Halle Berry;Famke Janssen,Bryan Singer,David Hayter;David Hayter;Bryan Singer;Tom DeSanto,Adventure;Action;Science Fiction,mutant;superhero;based on comic;superhuman,,English,$75000000.00,$296339527.00,,,,
33,33,a241,b188,The Hobbit: The Desolation of Smaug,Ian McKellen;Martin Freeman;Richard Armitage;Ken Stott;Graham McTavish,Peter Jackson,Fran Walsh;Philippa Boyens,Adventure;Fantasy,giant spider;sword and sorcery;elf;dwarf;galadriel character,PG-13,English,$225000000,$960366855,$73645197,Metro-Goldwyn-Mayer (MGM);New Line Cinema;WingNut Films,USA;New Zealand,The Hobbit Part 2,The Hobbit: The Battle of the Five Armies,Martin Freeman;Ian McKellen;Richard Armitage;Ken Stott;Graham McTavish,Peter Jackson,Peter Jackson;Guillermo del Toro;Philippa Boyens;Fran Walsh;J.R.R. Tolkien,Action;Adventure;Fantasy,corruption;elves;dwarves;orcs;middle-earth (tolkien);hobbit;dragon;battle;unlikely friendship;epic battle;sword and sorcery,PG-13,English,$250000000.00,$956019788.00,,,,
34,34,a1586,b292,Legion,George C. Scott;Ed Flanders;Brad Dourif;Scott Wilson;Nancy Fish,William Peter Blatty,William Peter Blatty;William Peter Blatty,Horror,sequel;third part;director's cut;exorcism;exorcist,NOT RATED,English,,,,Morgan Creek Entertainment Group,USA,Legion,The Exorcist III,George C. Scott;Ed Flanders;Brad Dourif;Jason Miller;Nicol Williamson,William Peter Blatty,William Peter Blatty,Thriller;Horror;Mystery,death penalty;suspicion of murder;exorcism;doomed man;investigation;priest;psychiatric hospital;series of murders;missing person,R,English,-,$39024251.00,,,,
35,35,a572,b1764,Star Trek II: The Wrath of Khan,William Shatner;Leonard Nimoy;DeForest Kelley;James Doohan;Walter Koenig,Nicholas Meyer,Gene Roddenberry;Harve Bennett,Action;Adventure;Sci-Fi,planet;space station;trap;taunt;jamming communications,PG,English,$11200000,$97000000,$14347221,Paramount Pictures,USA,Star Trek II: The Undiscovered Country,Star Trek III: The Search for Spock,William Shatner;Leonard Nimoy;DeForest Kelley;James Doohan;George Takei,Leonard Nimoy,Harve Bennett,Science Fiction;Action;Adventure;Thriller,,PG,English,$18000000.00,$87000000.00,,,,
36,36,a1241,b4048,Broadway Danny Rose,Woody Allen;Mia Farrow;Nick Apollo Forte;Sandy Baron;Corbett Monica,Woody Allen,Woody Allen,Comedy,mistress;singer;mobster;gangster;agent,PG,English;Italian;Yiddish,$8000000,,$953794,Orion Pictures;Jack Rollins & Charles H. Joffe Productions,USA,Brodvejski Danny Rose,Zelig,Woody Allen;Mia Farrow;Patrick Horgan;John Buckwalter;Marvin Chatinover,Woody Allen,Woody Allen,Comedy,paris;great depression;celebrity;mockumentary;chameleon;psychiatrist;newsreel footage;electroconvulsive therapy;1920s;1930s,PG,English,-,$11798616.00,,,,
37,37,a1154,b1091,They Call Me Trinity,Terence Hill;Bud Spencer;Steffen Zacharias;Dan Sturkie;Gisela Hahn,Enzo Barboni,Enzo Barboni,Comedy;Western,identity theft;false identity;spaghetti western;cowboy;farmer,G,Italian,,,,West Film,Italy,My Name Is Trinity,Trinity is Still My Name,"Terence Hill;Bud Spencer;Yanti Somer;Enzo Tarascio;Harry Carey, Jr.",Enzo Barboni,Enzo Barboni,Comedy;Western,gunslinger;sibling relationship;hold-up robbery;brother;mistaken identity;cowboy;spaghetti western,PG,Italian,-,$2100000.00,,,,
38,38,a323,b3078,How to Train Your Dragon,Jay Baruchel;Gerard Butler;Craig Ferguson;America Ferrera;Jonah Hill,Dean DeBlois;Chris Sanders,William Davies;Dean DeBlois,Animation;Action;Adventure;Comedy;Family;Fantasy,dragon;viking;village;island;training,PG,English,$165000000,$494878759,$43732319,DreamWorks Animation;Mad Hatter Entertainment;Vertigo Entertainment,USA,How to Train Your Dragon: An IMAX 3D Experience,How to Train Your Dragon 2,Jay Baruchel;Cate Blanchett;Gerard Butler;Craig Ferguson;America Ferrera,Dean DeBlois,Dean DeBlois;Cressida Cowell,Fantasy;Action;Adventure;Animation;Comedy;Family,parent child relationship;wife husband relationship;sacrifice;viking;sequel;rescue;dragon;death of husband;warrior;3d,PG,English,$145000000.00,$609123048.00,,,,
39,39,a1823,b5209,Millennium Actress,Miyoko Shôji;Mami Koyama;Fumiko Orikasa;Shôzô Îzuka;Shouko Tsuda,Satoshi Kon,Satoshi Kon;Sadayuki Murai,Animation;Drama;Fantasy;Romance,key;cameraman;actress;adult animation;in medias res,PG,Japanese;English,,,$18732,Bandai Visual Company;Chiyoko Commitee;Genco,Japan,Millennium Actress,Millennium Actress,Miyoko Shoji;Mami Koyama;Fumiko Orikasa;Shozo Iizuka;Masaya Onosaka,Satoshi Kon,Satoshi Kon;Sadayuki Murai,Animation;Drama;Romance,historical;edo period;sengoku period;shouwa period;anime;meiji period,NR,Japanese,-,-,,,,
40,40,a237,b3626,Harry Potter and the Deathly Hallows: Part 1,Bill Nighy;Emma Watson;Richard Griffiths;Harry Melling;Daniel Radcliffe,David Yates,Steve Kloves;J.K. Rowling,Adventure;Family;Fantasy;Mystery,ginny weasley character;remus lupin character;lucius malfoy character;hermione granger character;draco malfoy character,PG-13,English,£150000000,$960283305,$125017327,Warner Bros.;Heyday Films,UK;USA,The Deathly Hallows,Harry Potter and the Deathly Hallows: Part 2,Daniel Radcliffe;Rupert Grint;Emma Watson;Alan Rickman;Maggie Smith,David Yates,Steve Kloves;J.K. Rowling,Family;Fantasy;Adventure,self sacrifice;magic;frog;sorcerer;school;wizard;3d,PG-13,English,$125000000.00,$1342000000.00,,,,
41,41,a108,b4464,Ghostbusters,Bill Murray;Dan Aykroyd;Sigourney Weaver;Harold Ramis;Rick Moranis,Ivan Reitman,Dan Aykroyd;Harold Ramis,Action;Comedy;Fantasy,university;ghost;paranormal;new york city;scientist,PG,English,$30000000,$291632124,$13612564,Columbia Pictures Corporation;Producers Sales Organization;Delphi Films,USA,Ghostbusters,Ghostbusters II,Bill Murray;Dan Aykroyd;Sigourney Weaver;Harold Ramis;Rick Moranis,Ivan Reitman,Harold Ramis;Dan Aykroyd,Comedy;Fantasy,slime;ghostbuster;product placement;reincarnation;painting;crude humor;scream;single mother;old flame;courtroom;book store;chrysler building;river of slime;revolving door;reference to slinky;occult research,PG,English,$37000000.00,$215394738.00,,,,
42,42,a902,b2721,Star Trek: First Contact,Patrick Stewart;Jonathan Frakes;Brent Spiner;LeVar Burton;Michael Dorn,Jonathan Frakes,Gene Roddenberry;Rick Berman,Action;Adventure;Drama;Sci-Fi;Thriller,first contact;male alien;extra vehicular activity;male android;federation computer voice character,PG-13,English,$45000000,$150000000,$30716131,Digital Image Associates;Paramount Pictures,USA,Star Trek 8,Star Trek: Nemesis,Patrick Stewart;Jonathan Frakes;Brent Spiner;LeVar Burton;Michael Dorn,Stuart Baird,John Logan,Science Fiction;Action;Adventure;Thriller,clone;assassination;ambush;federation;starfleet;enterprise-e;romulus;android;senate;self sacrifice;telepathy;weapon;romulans;space opera,PG-13,English,$60000000.00,$67312826.00,,,,
43,43,a68,b2305,The Godfather: Part II,Al Pacino;Robert Duvall;Diane Keaton;Robert De Niro;John Cazale,Francis Ford Coppola,Francis Ford Coppola;Mario Puzo,Crime;Drama,revenge;corrupt politician;mafia;bloody body of child;1950s,R,English;Italian;Spanish;Latin;Sicilian,$13000000,,,Paramount Pictures;The Coppola Company,USA,Mario Puzo's The Godfather: Part II,The Godfather: Part III,Al Pacino;Diane Keaton;Talia Shire;Andy García;Eli Wallach,Francis Ford Coppola,Francis Ford Coppola;Mario Puzo,Crime;Drama;Thriller,italy;christianity;new york;assassination;italian american;vatican;pope;confession;helicopter;daughter;lawyer,R,English,$54000000.00,$136766062.00,,,,
44,44,a1411,b4461,Neon Genesis Evangelion: The End of Evangelion,Megumi Ogata;Megumi Hayashibara;Yûko Miyamura;Kotono Mitsuishi;Yuriko Yamaguchi,Hideaki Anno;Kazuya Tsurumaki,Hideaki Anno,Animation;Action;Drama;Fantasy;Sci-Fi,despair;depression;anime;psychological;stream of consciousness,NOT RATED,Japanese,,,,Gainax;Kadokawa Shoten Publishing Co.;Movic,Japan,Neon Genesis Evangelion: The End of Evangelion,Evangelion: 1.0: You Are (Not) Alone,Megumi Ogata;Megumi Hayashibara;Kotono Mitsuishi;Yuriko Yamaguchi;Fumihiko Tachiki,Hideaki Anno;Masayuki;Kazuya Tsurumaki,Hideaki Anno,Animation;Science Fiction;Action;Drama,parent child relationship;anime,PG-13,Japanese,-,$223839.00,,,,
45,45,a902,b5055,Star Trek: First Contact,Patrick Stewart;Jonathan Frakes;Brent Spiner;LeVar Burton;Michael Dorn,Jonathan Frakes,Gene Roddenberry;Rick Berman,Action;Adventure;Drama;Sci-Fi;Thriller,first contact;male alien;extra vehicular activity;male android;federation computer voice character,PG-13,English,$45000000,$150000000,$30716131,Digital Image Associates;Paramount Pictures,USA,Star Trek 8,Star Trek: Generations,Patrick Stewart;Jonathan Frakes;Brent Spiner;LeVar Burton;Michael Dorn,David Carson,Brannon Braga;Ronald D. Moore,Science Fiction;Action;Adventure;Thriller,based on tv series;death;exploding planet;mountain cabin;solar system;cosmos,PG,English,$38000000.00,$120000000.00,,,,
46,46,a521,b1925,Kung Fu Panda,Jack Black;Dustin Hoffman;Angelina Jolie;Ian McShane;Jackie Chan,Mark Osborne;John Stevenson,Jonathan Aibel;Glenn Berger,Animation;Action;Adventure;Comedy;Family;Fantasy,kung fu;anthropomorphic animal;china;martial arts;giant panda,PG,English,$130000000,$631744560,$60239130,DreamWorks Animation;Pacific Data Images (PDI),USA,Kung Fu Panda: The IMAX Experience,Kung Fu Panda 3,Jack Black;Bryan Cranston;Dustin Hoffman;Angelina Jolie;J.K. Simmons,Jennifer Yuh Nelson;Alessandro Carloni,Jonathan Aibel;Glenn Berger,Action;Adventure;Animation;Comedy;Family,china;martial arts;kung fu;village;fighter;panda;sequel;talking animal;anthropomorphism;dragon;ancient china;wuxia;woman director,PG,English,$145000000.00,$521170825.00,,,,
47,47,a252,b5125,The Hangover,Bradley Cooper;Ed Helms;Zach Galifianakis;Justin Bartha;Heather Graham,Todd Phillips,Jon Lucas;Scott Moore,Comedy,female frontal nudity;morning after;female nudity;hangover;drunkenness,R,English,$35000000,$467483912,$44979319,Warner Bros.;Legendary Entertainment;Green Hat Films,USA;Germany,¿Qué pasó ayer?,The Hangover Part III,Bradley Cooper;Ed Helms;Zach Galifianakis;Justin Bartha;Ken Jeong,Todd Phillips,Todd Phillips;Craig Mazin,Comedy,sequel;hangover,R,English,$103000000.00,$362000072.00,,,,
48,48,a668,b1499,Clerks,Brian O'Halloran;Jeff Anderson;Marilyn Ghigliotti;Lisa Spoonauer;Jason Mewes,Kevin Smith,Kevin Smith,Comedy,friendship;friend;silent bob character;jay character;antisocial,R,English,$27575,,$31665,View Askew Productions;Miramax,USA,Clerks,Clerks II,Brian O'Halloran;Jeff Anderson;Jason Mewes;Kevin Smith;Rosario Dawson,Kevin Smith,Kevin Smith,Comedy,independent film;aftercreditsstinger;duringcreditsstinger,R,English,$5000000.00,$26888376.00,,,,
49,49,a602,b3264,The Fall,Catinca Untaru;Justine Waddell;Lee Pace;Kim Uylenbroek;Aiden Lithgow,Tarsem Singh,Dan Gilroy;Nico Soultanakis,Adventure;Comedy;Drama;Fantasy,building explosion;camera obscura;man girl relationship;adult child bonding;imagination,R,English;Romanian;Latin,,,$79611,Googly Films;Absolute Entertainment (II);Deep Films,USA;South Africa;India,Pad,The Fall,Catinca Untaru;Lee Pace;Justine Waddell;Kim Uylenbroek;Aiden Lithgow,Tarsem Singh,Tarsem Singh;Nico Soultanakis;Dan Gilroy,Adventure;Fantasy;Drama,fictional place;morphine;storytelling;darwin;imagination;1920s,,English,$30000000.00,$3669465.00,,,,
50,50,a902,b5127,Star Trek: First Contact,Patrick Stewart;Jonathan Frakes;Brent Spiner;LeVar Burton;Michael Dorn,Jonathan Frakes,Gene Roddenberry;Rick Berman,Action;Adventure;Drama;Sci-Fi;Thriller,first contact;male alien;extra vehicular activity;male android;federation computer voice character,PG-13,English,$45000000,$150000000,$30716131,Digital Image Associates;Paramount Pictures,USA,Star Trek 8,Star Trek: Insurrection,Patrick Stewart;Jonathan Frakes;Brent Spiner;LeVar Burton;Michael Dorn,Jonathan Frakes,Michael Piller,Science Fiction;Action;Adventure;Thriller,starships;alien;space opera;retribution;spacecraft officer;exploding ship;cosmos,PG,English,$70000000.00,$118000000.00,,,,
51,51,a419,b386,How to Train Your Dragon 2,Jay Baruchel;Cate Blanchett;Gerard Butler;Craig Ferguson;America Ferrera,Dean DeBlois,Dean DeBlois;Cressida Cowell,Animation;Action;Adventure;Comedy;Family;Fantasy,dragon;viking;husband wife relationship;mother son relationship;father son relationship,PG,English,$145000000,$621537519,$49451322,DreamWorks Animation;Mad Hatter Entertainment,USA,Cómo entrenar a tu dragón 2,How to Train Your Dragon,Jay Baruchel;Gerard Butler;Craig Ferguson;America Ferrera;David Tennant,Dean DeBlois;Chris Sanders,Dean DeBlois;Chris Sanders;Will Davies;Cressida Cowell,Fantasy;Adventure;Animation;Family,flying;blacksmith;arena;island;night;ship;training;village;forest;viking;friendship;ignorance;flight;nest;dragon;battle;combat;well;warrior,PG,English,$165000000.00,$494878759.00,,,,
52,52,a59,b4351,The Lord of the Rings: The Fellowship of the Ring,Alan Howard;Noel Appleby;Sean Astin;Sala Baker;Sean Bean,Peter Jackson,J.R.R. Tolkien;Fran Walsh,Adventure;Drama;Fantasy,ring;quest;hobbit;elf;orc,PG-13,English;Sindarin,$93000000,$871530324,$66114741,New Line Cinema;WingNut Films;The Saul Zaentz Company,New Zealand;USA,The Fellowship of the Ring,The Lord of the Rings: The Return of the King,Elijah Wood;Ian McKellen;Viggo Mortensen;Liv Tyler;Orlando Bloom,Peter Jackson,Peter Jackson;Philippa Boyens;Fran Walsh;J.R.R. Tolkien,Adventure;Fantasy;Action,elves;orcs;middle-earth (tolkien);based on novel;suspicion;volcano;giant spider;bravery;war;honor;troll;brutality;violence;ghost;quest;sword and sorcery,PG-13,English,$94000000.00,$1118888979.00,,,,
53,53,a3377,b2594,Les bronzés font du ski,Josiane Balasko;Michel Blanc;Marie-Anne Chazel;Christian Clavier;Gérard Jugnot,Patrice Leconte,Josiane Balasko;Michel Blanc,Comedy,skiing;group of friends;winter holiday;practical joke;le splendid,NOT RATED,French,,,,Trinacra Films,France,A bronzbarnák síelni mennek,French Fried Vacation 3,Josiane Balasko;Michel Blanc;Marie-Anne Chazel;Christian Clavier;Gérard Jugnot,Patrice Leconte,Marie-Anne Chazel;Josiane Balasko;Christian Clavier;Thierry Lhermitte;Michel Blanc;Gérard Jugnot,Comedy,,U,French,-,-,,,,
54,54,a149,b4949,Star Wars: Episode IV - A New Hope,Mark Hamill;Harrison Ford;Carrie Fisher;Peter Cushing;Alec Guinness,George Lucas,George Lucas,Action;Adventure;Fantasy;Sci-Fi,rebellion;empire;galactic war;princess;droid,PG,English,$11000000,$775398007,$1554475,Lucasfilm;Twentieth Century Fox,USA,A New Hope,Star Wars: Episode I - The Phantom Menace,Liam Neeson;Ewan McGregor;Natalie Portman;Jake Lloyd;Ian McDiarmid,George Lucas,George Lucas,Adventure;Action;Science Fiction,prophecy;senate;queen;taskmaster;galaxy;apprentice;taxes;space opera,PG,English,$115000000.00,$924317558.00,,,,
55,55,a521,b1190,Kung Fu Panda,Jack Black;Dustin Hoffman;Angelina Jolie;Ian McShane;Jackie Chan,Mark Osborne;John Stevenson,Jonathan Aibel;Glenn Berger,Animation;Action;Adventure;Comedy;Family;Fantasy,kung fu;anthropomorphic animal;china;martial arts;giant panda,PG,English,$130000000,$631744560,$60239130,DreamWorks Animation;Pacific Data Images (PDI),USA,Kung Fu Panda: The IMAX Experience,Kung Fu Panda 2,Jack Black;Angelina Jolie;Dustin Hoffman;Gary Oldman;Jackie Chan,Jennifer Yuh Nelson,Jonathan Aibel;Glenn Berger,Animation;Family,martial arts;hope;fleet;panda;mission;woman director,PG,English,$150000000.00,$665692281.00,,,,
56,56,a372,b5044,Star Wars: Episode III - Revenge of the Sith,Ewan McGregor;Natalie Portman;Hayden Christensen;Ian McDiarmid;Samuel L. Jackson,George Lucas,George Lucas,Action;Adventure;Fantasy;Sci-Fi,elongated cry of no;vision;robotic midwife;friends become enemies;kicked in the butt,PG-13,English,$113000000,$848754768,$108435841,Lucasfilm,USA,Revenge of the Sith,Star Wars: Episode II - Attack of the Clones,Ewan McGregor;Natalie Portman;Hayden Christensen;Ian McDiarmid;Samuel L. Jackson,George Lucas,George Lucas;Jonathan Hales,Adventure;Action;Science Fiction,senate;investigation;army;death star;jedi;cult figure;wedding;violence;kendo;laser gun;space opera;spaceport;teenage rebellion;good becoming evil;alien race;mechanical hand;yoda,PG,English,$120000000.00,$649398328.00,,,,
57,57,a216,b2871,Rocky,Sylvester Stallone;Talia Shire;Burt Young;Carl Weathers;Burgess Meredith,John G. Avildsen,Sylvester Stallone,Drama;Sport,boxer;1970s;boxing;training;philadelphia pennsylvania,PG,English,$960000,$225000000,$5000000,Chartoff-Winkler Productions,USA,Roki,Rocky II,Sylvester Stallone;Talia Shire;Burt Young;Carl Weathers;Burgess Meredith,Sylvester Stallone,Sylvester Stallone,Drama,transporter;coma;wife husband relationship;intensive care;hero;love of one's life;publicity;boxer;boxing match;training;world champion;victory;sport;hospital,PG,English,$7000000.00,$200182160.00,,,,
58,58,a216,b4215,Rocky,Sylvester Stallone;Talia Shire;Burt Young;Carl Weathers;Burgess Meredith,John G. Avildsen,Sylvester Stallone,Drama;Sport,boxer;1970s;boxing;training;philadelphia pennsylvania,PG,English,$960000,$225000000,$5000000,Chartoff-Winkler Productions,USA,Roki,Rocky V,Sylvester Stallone;Talia Shire;Burt Young;Sage Stallone;Burgess Meredith,John G. Avildsen,Sylvester Stallone,Drama,philadelphia;transporter;cataclysm;parent child relationship;trainer;restart;bankrupt;boxer;career;boxing match;training;world champion;challenger;street riots;sponsorship;challenge;champion;tax consultant;boxing school;praise;friendship;sport;father figure,PG-13,English,$42000000.00,$119946358.00,,,,
59,59,a376,b5449,Back to the Future Part II,Michael J. Fox;Christopher Lloyd;Lea Thompson;Thomas F. Wilson;Elisabeth Shue,Robert Zemeckis,Robert Zemeckis;Bob Gale,Adventure;Comedy;Sci-Fi,year 2015;second part;same actor playing two characters simultaneously on screen;alternate timeline;younger version of character,PG,English;Japanese,$40000000,$213500000,$27835125,Universal Pictures;Amblin Entertainment;U-Drive Productions,USA;Japan,Paradox,Back to the Future,Michael J. Fox;Christopher Lloyd;Lea Thompson;Crispin Glover;Thomas F. Wilson,Robert Zemeckis,Robert Zemeckis;Bob Gale,Adventure;Comedy;Science Fiction;Family,clock tower;car race;terrorist;delorean;lightning;guitar;plutonium;sports car;inventor;journey in the past;invention;time travel;race against time;partner;misfit;mad scientist;fish out of water;teenage love;destiny;hidden identity;odd couple;escapade;disorder;chases and races;love and romance;teenage life;misfit partners;changing the past or future;getting home,PG,English,$19000000.00,$381109762.00,,,,
60,60,a1320,b1574,The Silence,Ingrid Thulin;Gunnel Lindblom;Birger Malmsten;Håkan Jahnberg;Jörgen Lindström,Ingmar Bergman,Ingmar Bergman,Drama,room;train;illness;translator;hotel room,R,Swedish;English;German;French;Spanish,,,,Svensk Filmindustri (SF),Sweden,The Silence,Persona,Bibi Andersson;Liv Ullmann;Margaretha Krook;Gunnar Björnstrand;Jörgen Lindström,Ingmar Bergman,Ingmar Bergman,Drama,nurse;sex;confession;dream;nudity;chase;betrayal;blood;medical;patient;violence;silence;psychiatry;submerged;institution;persona;reflexive cinema,,Swedish,-,-,,,,
61,61,a216,b5322,Rocky,Sylvester Stallone;Talia Shire;Burt Young;Carl Weathers;Burgess Meredith,John G. Avildsen,Sylvester Stallone,Drama;Sport,boxer;1970s;boxing;training;philadelphia pennsylvania,PG,English,$960000,$225000000,$5000000,Chartoff-Winkler Productions,USA,Roki,Rocky III,Sylvester Stallone;Talia Shire;Burt Young;Carl Weathers;Burgess Meredith,Sylvester Stallone,Sylvester Stallone,Drama,transporter;trainer;boxer;dying and death;boxing match;comeback;training;world champion;challenger;rematch;defeat;victory;sport;revenge;fame;wealth,PG,English,$17000000.00,$270000000.00,,,,
62,62,a55,b4171,Ex Machina,Domhnall Gleeson;Alicia Vikander;Oscar Isaac;Sonoya Mizuno;Corey Johnson,Alex Garland,Alex Garland,Drama;Mystery;Sci-Fi;Thriller,artificial intelligence;turing test;robot human relationship;minimal cast;video surveillance,R,English,$15000000,$38978784,$250000,Universal Pictures International (UPI);Film4;DNA Films,UK,Ex_Machina,Ex Machina,Domhnall Gleeson;Alicia Vikander;Oscar Isaac;Sonoya Mizuno;Corey Johnson,Alex Garland,Alex Garland,Drama;Science Fiction,dancing;artificial intelligence;distrust;isolation;technology;manipulation;friendship;deception;laboratory;robot;power outage;surveillance camera;consciousness;existentialism;lockdown;philosophical;turing test;cybernetics;human android relationship,R,English,$15000000.00,$36869414.00,,,,
63,63,a27,b2953,Guardians of the Galaxy Vol. 2,Chris Pratt;Zoe Saldana;Dave Bautista;Vin Diesel;Bradley Cooper,James Gunn,James Gunn;Dan Abnett,Action;Adventure;Sci-Fi,demi god;mixtape;alien creature;marvel cinematic universe;raccoon,PG-13,English,$200000000,$863756051,$146510104,Marvel Studios;Walt Disney Pictures,USA;New Zealand;Canada,Guardians of the Galaxy 2,Guardians of the Galaxy,Chris Pratt;Zoe Saldana;Dave Bautista;Vin Diesel;Bradley Cooper,James Gunn,James Gunn;Nicole Perlman,Action;Science Fiction;Adventure,based on comic;spaceship;space;outer space;orphan;adventurer;aftercreditsstinger;duringcreditsstinger;marvel cinematic universe,PG-13,English,$170000000.00,$773328629.00,,,,
64,64,a162,b4657,Kill Bill: Vol. 1,Uma Thurman;Lucy Liu;Vivica A. Fox;Daryl Hannah;David Carradine,Quentin Tarantino,Quentin Tarantino;Quentin Tarantino,Action;Crime;Thriller,bride;revenge;sword;japan;martial arts,R,English;Japanese;French,$30000000,$180949045,$22089322,Miramax;A Band Apart;Super Cool ManChu,USA;Japan,Kill Bill,Kill Bill: The Whole Bloody Affair,Uma Thurman;Lucy Liu;Vivica A. Fox;Daryl Hannah;David Carradine,Quentin Tarantino,Quentin Tarantino,Crime;Action,sword;martial law;revenge;wedding,R,English,$30000000.00,-,,,,
65,65,a43,b5106,Guardians of the Galaxy,Chris Pratt;Zoe Saldana;Dave Bautista;Vin Diesel;Bradley Cooper,James Gunn,James Gunn;Nicole Perlman,Action;Adventure;Sci-Fi,bounty hunter;outer space;tree;heroes;talking animal,PG-13,English,$170000000,$774176600,$94320883,Marvel Studios;Marvel Enterprises;Moving Picture Company (MPC),USA,Full Tilt,Guardians of the Galaxy Vol. 2,Chris Pratt;Zoe Saldana;Dave Bautista;Vin Diesel;Bradley Cooper,James Gunn,James Gunn,Action;Adventure;Comedy;Science Fiction,sequel;superhero;based on comic;misfit;space;outer space;aftercreditsstinger;duringcreditsstinger,PG-13,English,$200000000.00,$863756051.00,,,,
66,66,a268,b4967,V for Vendetta,Natalie Portman;Hugo Weaving;Stephen Rea;Stephen Fry;John Hurt,James McTeigue,Lilly Wachowski;Lana Wachowski,Action;Drama;Sci-Fi;Thriller,dystopia;freedom;revolution;terrorist;justice,R,English,$54000000,$132511035,$25642640,Warner Bros.;Virtual Studios;Silver Pictures,USA;UK;Germany,V for Vendetta: The IMAX Experience,V for Vendetta,Natalie Portman;Hugo Weaving;Stephen Rea;Stephen Fry;John Hurt,James McTeigue,David Lloyd;Alan Moore;Lana Wachowski;Lilly Wachowski,Action;Thriller;Fantasy,detective;fascism;satanism;fascist;dystopia;government;chancellor;revenge;personification of satan;torture;occult;hatred;masked vigilante;vengeful spirit;activist;vengeful,,English,$54000000.00,$132511035.00,,,,
67,67,a87,b4344,War for the Planet of the Apes,Andy Serkis;Woody Harrelson;Steve Zahn;Karin Konoval;Amiah Miller,Matt Reeves,Mark Bomback;Matt Reeves,Action;Adventure;Drama;Sci-Fi;Thriller,ape;planet of the apes;third part;slave labour;battle,PG-13,English;American Sign Language,$150000000,$490664238,$56262929,Twentieth Century Fox;Chernin Entertainment;TSG Entertainment,USA;Canada;New Zealand,Planet of the Apes 3,Beneath the Planet of the Apes,James Franciscus;Kim Hunter;Maurice Evans;Linda Harrison;Charlton Heston,Ted Post,Mort Abrahams;Paul Dehn;Pierre Boileau,Adventure;Science Fiction;Mystery,mutant;dystopia;survivor;astronaut;ape;science;worship,G,English,$3000000.00,$18999718.00,,,,
68,68,a87,b4511,War for the Planet of the Apes,Andy Serkis;Woody Harrelson;Steve Zahn;Karin Konoval;Amiah Miller,Matt Reeves,Mark Bomback;Matt Reeves,Action;Adventure;Drama;Sci-Fi;Thriller,ape;planet of the apes;third part;slave labour;battle,PG-13,English;American Sign Language,$150000000,$490664238,$56262929,Twentieth Century Fox;Chernin Entertainment;TSG Entertainment,USA;Canada;New Zealand,Planet of the Apes 3,Rise of the Planet of the Apes,James Franco;Freida Pinto;John Lithgow;Brian Cox;Tom Felton,Rupert Wyatt,Rick Jaffa;Amanda Silver;Pierre Boulle,Thriller;Action;Drama;Science Fiction,intelligence;zoo;cage;dystopia;golden gate bridge;ape;monkey;medical research;alzheimer's disease,PG-13,English,$93000000.00,$482860185.00,,,,
69,69,a87,b5289,War for the Planet of the Apes,Andy Serkis;Woody Harrelson;Steve Zahn;Karin Konoval;Amiah Miller,Matt Reeves,Mark Bomback;Matt Reeves,Action;Adventure;Drama;Sci-Fi;Thriller,ape;planet of the apes;third part;slave labour;battle,PG-13,English;American Sign Language,$150000000,$490664238,$56262929,Twentieth Century Fox;Chernin Entertainment;TSG Entertainment,USA;Canada;New Zealand,Planet of the Apes 3,Conquest of the Planet of the Apes,Roddy McDowall;Don Murray;Ricardo Montalban;Hari Rhodes;Severn Darden,J. Lee Thompson,Paul Dehn,Action;Science Fiction,circus;pet;human being;dystopia;insurrection;army;ape,PG,English,$1700000.00,$9700000.00,,,,
70,70,a95,b2003,Frozen,Kristen Bell;Idina Menzel;Jonathan Groff;Josh Gad;Santino Fontana,Chris Buck;Jennifer Lee,Jennifer Lee;Hans Christian Andersen,Animation;Adventure;Comedy;Family;Fantasy;Musical,female protagonist;sister sister relationship;snowman;sister love;magic,PG,English;Norwegian,$150000000,$1276480335,$243390,Walt Disney Animation Studios;Walt Disney Pictures,USA,The Snow Queen,Frozen Fever,Kristen Bell;Idina Menzel;Jonathan Groff;Josh Gad;Chris Williams,Jennifer Lee;Chris Buck,,Adventure;Animation;Family,sibling relationship;birthday;song;birthday party;princess;snowman;animation;reindeer;birthday cake;frozen;woman director;birthday present;short,G,English,-,-,,,,
71,71,a95,b2180,Frozen,Kristen Bell;Idina Menzel;Jonathan Groff;Josh Gad;Santino Fontana,Chris Buck;Jennifer Lee,Jennifer Lee;Hans Christian Andersen,Animation;Adventure;Comedy;Family;Fantasy;Musical,female protagonist;sister sister relationship;snowman;sister love;magic,PG,English;Norwegian,$150000000,$1276480335,$243390,Walt Disney Animation Studios;Walt Disney Pictures,USA,The Snow Queen,Frozen,Emma Bell;Shawn Ashmore;Kevin Zegers;Ed Ackerman;Rileah Vanderbilt,Adam Green,Adam Green,Thriller,loss of loved one;mountain;winter;wolf;conversation;animal attack;cold;horror;fall from height;suspense;snow;best friend;ski lift;frostbite,R,English,-,$3065860.00,,,,
72,72,a97,b552,Harry Potter and the Deathly Hallows: Part 2,Ralph Fiennes;Michael Gambon;Alan Rickman;Daniel Radcliffe;Rupert Grint,David Yates,Steve Kloves;J.K. Rowling,Adventure;Drama;Fantasy;Mystery,ginny weasley character;remus lupin character;lucius malfoy character;professor severus snape character;draco malfoy character,PG-13,English,$125000000,$1341511219,$169189427,Warner Bros.;Heyday Films;Moving Picture Company (MPC),USA;UK,Harry Potter and the Deathly Hallows: Part 2 3D,Harry Potter and the Goblet of Fire,Daniel Radcliffe;Rupert Grint;Emma Watson;Ralph Fiennes;Michael Gambon,Mike Newell,Steve Kloves;J.K. Rowling,Adventure;Fantasy;Family,magic;dying and death;broom;sorcerer's apprentice;school of witchcraft;chosen one;black magic;boarding school;vision;tournament;teenager;wizard;teenage hero;based on young adult novel,PG-13,English,$150000000.00,$895921036.00,,,,
73,73,a97,b1366,Harry Potter and the Deathly Hallows: Part 2,Ralph Fiennes;Michael Gambon;Alan Rickman;Daniel Radcliffe;Rupert Grint,David Yates,Steve Kloves;J.K. Rowling,Adventure;Drama;Fantasy;Mystery,ginny weasley character;remus lupin character;lucius malfoy character;professor severus snape character;draco malfoy character,PG-13,English,$125000000,$1341511219,$169189427,Warner Bros.;Heyday Films;Moving Picture Company (MPC),USA;UK,Harry Potter and the Deathly Hallows: Part 2 3D,Harry Potter and the Prisoner of Azkaban,Daniel Radcliffe;Rupert Grint;Emma Watson;Gary Oldman;David Thewlis,Alfonso Cuarón,Steve Kloves;J.K. Rowling,Adventure;Fantasy;Family,flying;traitor;magic;cutting the cord;child hero;broom;sorcerer's apprentice;school of witchcraft;griffon;black magic;time travel;best friend;werewolf;dark;muggle;aftercreditsstinger,PG,English,$130000000.00,$789804554.00,,,,
74,74,a97,b3595,Harry Potter and the Deathly Hallows: Part 2,Ralph Fiennes;Michael Gambon;Alan Rickman;Daniel Radcliffe;Rupert Grint,David Yates,Steve Kloves;J.K. Rowling,Adventure;Drama;Fantasy;Mystery,ginny weasley character;remus lupin character;lucius malfoy character;professor severus snape character;draco malfoy character,PG-13,English,$125000000,$1341511219,$169189427,Warner Bros.;Heyday Films;Moving Picture Company (MPC),USA;UK,Harry Potter and the Deathly Hallows: Part 2 3D,Harry Potter and the Half-Blood Prince,Daniel Radcliffe;Rupert Grint;Emma Watson;Tom Felton;Michael Gambon,David Yates,Steve Kloves;J.K. Rowling,Adventure;Fantasy;Family,witch;magic;broom;school of witchcraft;apparition;teenage crush;werewolf;wizard,PG,English,$250000000.00,$933959197.00,,,,
75,75,a97,b3843,Harry Potter and the Deathly Hallows: Part 2,Ralph Fiennes;Michael Gambon;Alan Rickman;Daniel Radcliffe;Rupert Grint,David Yates,Steve Kloves;J.K. Rowling,Adventure;Drama;Fantasy;Mystery,ginny weasley character;remus lupin character;lucius malfoy character;professor severus snape character;draco malfoy character,PG-13,English,$125000000,$1341511219,$169189427,Warner Bros.;Heyday Films;Moving Picture Company (MPC),USA;UK,Harry Potter and the Deathly Hallows: Part 2 3D,Harry Potter and the Philosopher's Stone,Daniel Radcliffe;Rupert Grint;Emma Watson;Richard Harris;Tom Felton,Chris Columbus,Steve Kloves;J.K. Rowling,Adventure;Fantasy;Family,witch;christmas party;magic;cutting the cord;halloween;child hero;broom;chosen one;frog;fantasy world;based on young adult novel,PG,English,$125000000.00,$976475550.00,,,,
76,76,a97,b3892,Harry Potter and the Deathly Hallows: Part 2,Ralph Fiennes;Michael Gambon;Alan Rickman;Daniel Radcliffe;Rupert Grint,David Yates,Steve Kloves;J.K. Rowling,Adventure;Drama;Fantasy;Mystery,ginny weasley character;remus lupin character;lucius malfoy character;professor severus snape character;draco malfoy character,PG-13,English,$125000000,$1341511219,$169189427,Warner Bros.;Heyday Films;Moving Picture Company (MPC),USA;UK,Harry Potter and the Deathly Hallows: Part 2 3D,Harry Potter and the Chamber of Secrets,Daniel Radcliffe;Rupert Grint;Emma Watson;Richard Harris;Alan Rickman,Chris Columbus,Steve Kloves;J.K. Rowling,Adventure;Fantasy;Family,flying car;witch;magic;cutting the cord;child hero;broom;sorcerer's apprentice;school of witchcraft;giant spider;giant snake;black magic;aftercreditsstinger,PG,English,$100000000.00,$876688482.00,,,,
77,77,a106,b4197,The Deer Hunter,Robert De Niro;John Cazale;John Savage;Christopher Walken;Meryl Streep,Michael Cimino,Michael Cimino;Deric Washburn,Drama;War,pittsburgh steelers;vietnam war veteran;national film registry;afi;watching tv,R,English;Russian;Vietnamese;French,$15000000,,,EMI Films;Universal Pictures,USA;UK,The Man Who Came to Play,Killing Season,Robert De Niro;John Travolta;Milo Ventimiglia;Elizabeth Olin;Diana Lyubenova,Mark Steven Johnson,Evan Daugherty,Action;Thriller,hunter;bosnia and herzegovina;cabin;baptism;revenge;gore;blood;violence;hunting;war injury;bow hunting;ex special forces;anti war argument,R,English,-,$39881.00,,,,
78,78,a110,b5412,Iron Man,Robert Downey Jr.;Terrence Howard;Jeff Bridges;Gwyneth Paltrow;Leslie Bibb,Jon Favreau,Mark Fergus;Hawk Ostby,Action;Adventure;Sci-Fi,playboy;billionaire;inventor;afghanistan;u.s. air force,PG-13,English;Persian;Urdu;Arabic;Hungarian,$140000000,$585174222,$98618668,Paramount Pictures;Marvel Enterprises;Marvel Studios,USA,Ironman,Iron Man 2,Robert Downey Jr.;Gwyneth Paltrow;Don Cheadle;Scarlett Johansson;Mickey Rourke,Jon Favreau,Justin Theroux,Adventure;Action;Science Fiction,usa;technology;malibu;superhero;based on comic;revenge;tony stark;iron man;aftercreditsstinger;marvel cinematic universe,PG-13,English,$200000000.00,$623933331.00,,,,
79,79,a114,b890,The Matrix,Keanu Reeves;Laurence Fishburne;Carrie-Anne Moss;Hugo Weaving;Gloria Foster,Lana Wachowski;Lilly Wachowski,Lilly Wachowski;Lana Wachowski,Action;Sci-Fi,artificial reality;simulated reality;post apocalypse;questioning reality;war with machines,R,English,$63000000,$463517383,$27788331,Warner Bros.;Village Roadshow Pictures;Groucho Film Partnership,USA,Matrix,The Matrix Reloaded,Keanu Reeves;Carrie-Anne Moss;Laurence Fishburne;Hugo Weaving;Helmut Bakaitis,Lana Wachowski;Lilly Wachowski,Lana Wachowski;Lilly Wachowski,Adventure;Action;Thriller;Science Fiction,saving the world;artificial intelligence;man vs machine;martial arts;kung fu;underground world;dream;hero;fight;computer virus;key;future;plato;precognition;rave;dying and death;virtual reality;dystopia;computer;faith;world religion;truth;car crash;mission;cyberpunk;gnosticism,R,English,$150000000.00,$738599701.00,,,,
80,80,a114,b4471,The Matrix,Keanu Reeves;Laurence Fishburne;Carrie-Anne Moss;Hugo Weaving;Gloria Foster,Lana Wachowski;Lilly Wachowski,Lilly Wachowski;Lana Wachowski,Action;Sci-Fi,artificial reality;simulated reality;post apocalypse;questioning reality;war with machines,R,English,$63000000,$463517383,$27788331,Warner Bros.;Village Roadshow Pictures;Groucho Film Partnership,USA,Matrix,The Matrix Revolutions,Keanu Reeves;Laurence Fishburne;Carrie-Anne Moss;Hugo Weaving;Mary Alice,Lana Wachowski;Lilly Wachowski,Lana Wachowski;Lilly Wachowski,Adventure;Action;Thriller;Science Fiction,saving the world;artificial intelligence;man vs machine;flying;philosophy;fortune teller;martial arts;kung fu;underground world;killer robot;temple;subway;dream;sun;hero;fight;sunlight;computer virus;key;future;precognition;super computer;machine town;ying yang;dying and death;virtual reality;dystopia;computer;faith;world religion;truth;rescue;mission;cyberpunk;yin yang;gnosticism,R,English,$150000000.00,$424988211.00,,,,
81,81,a116,b3883,The Lord of the Rings: The Return of the King,Noel Appleby;Ali Astin;Sean Astin;David Aston;John Bach,Peter Jackson,J.R.R. Tolkien;Fran Walsh,Adventure;Drama;Fantasy,orc;battle;journey;hobbit;ring,PG-13,English;Quenya;Old English;Sindarin,$94000000,$1119929521,$72629713,New Line Cinema;WingNut Films;The Saul Zaentz Company,USA;New Zealand,The Return of the King,The Lord of the Rings: The Two Towers,Elijah Wood;Ian McKellen;Viggo Mortensen;Liv Tyler;Orlando Bloom,Peter Jackson,Peter Jackson;Philippa Boyens;Fran Walsh;J.R.R. Tolkien,Adventure;Fantasy;Action,elves;orcs;middle-earth (tolkien);hobbit;based on novel;explosive;cave;fort;army;mission;attack;guide;wizard;ring;sword and sorcery,PG-13,English,$79000000.00,$926287400.00,,,,
82,82,a116,b4410,The Lord of the Rings: The Return of the King,Noel Appleby;Ali Astin;Sean Astin;David Aston;John Bach,Peter Jackson,J.R.R. Tolkien;Fran Walsh,Adventure;Drama;Fantasy,orc;battle;journey;hobbit;ring,PG-13,English;Quenya;Old English;Sindarin,$94000000,$1119929521,$72629713,New Line Cinema;WingNut Films;The Saul Zaentz Company,USA;New Zealand,The Return of the King,The Lord of the Rings: The Fellowship of the Ring,Elijah Wood;Ian McKellen;Viggo Mortensen;Sean Astin;Orlando Bloom,Peter Jackson,Peter Jackson;Philippa Boyens;Fran Walsh;J.R.R. Tolkien,Adventure;Fantasy;Action,elves;dwarves;orcs;middle-earth (tolkien);hobbit;loss of loved one;based on novel;river;mountain;mine;fireworks;castle;volcano;birthday party;uncle;battle;mirror;blizzard;wizard;journey;ring;sword and sorcery,PG-13,English,$93000000.00,$871368364.00,,,,
83,83,a116,b5060,The Lord of the Rings: The Return of the King,Noel Appleby;Ali Astin;Sean Astin;David Aston;John Bach,Peter Jackson,J.R.R. Tolkien;Fran Walsh,Adventure;Drama;Fantasy,orc;battle;journey;hobbit;ring,PG-13,English;Quenya;Old English;Sindarin,$94000000,$1119929521,$72629713,New Line Cinema;WingNut Films;The Saul Zaentz Company,USA;New Zealand,The Return of the King,The Return of the Living Dead,Clu Gulager;James Karen;Don Calfa;Thom Mathews;John Philbin,Dan O'Bannon,Dan O'Bannon;Rudy Ricci;Russell Streiner;John A. Russo,Comedy;Horror,crematorium;punk;company;undead;zombie;paramedic;attic;cemetary;warehouse;stairs;night of the living dead;walking dead;louisville,R,English,$4000000.00,$14237880.00,,,,
84,84,a122,b1852,Psycho,Anthony Perkins;Vera Miles;John Gavin;Janet Leigh;Martin Balsam,Alfred Hitchcock,Joseph Stefano;Robert Bloch,Horror;Mystery;Thriller,motel;money;shower;theft;secretary,R,English,$806947,$50000000,,Shamley Productions,USA,Alfred Hitchcock's Psycho,Psycho,Vince Vaughn;Anne Heche;Julianne Moore;Viggo Mortensen;William H. Macy,Gus Van Sant,Joseph Stefano;Robert Bloch,Mystery;Thriller;Horror;Comedy,motel;stolen money;murder;psychosis;psycho,R,English,$60000000.00,$37141130.00,,,,
85,85,a122,b3073,Psycho,Anthony Perkins;Vera Miles;John Gavin;Janet Leigh;Martin Balsam,Alfred Hitchcock,Joseph Stefano;Robert Bloch,Horror;Mystery;Thriller,motel;money;shower;theft;secretary,R,English,$806947,$50000000,,Shamley Productions,USA,Alfred Hitchcock's Psycho,Psycho II,Anthony Perkins;Vera Miles;Meg Tilly;Robert Loggia;Dennis Franz,Richard Franklin,Tom Holland,Horror;Mystery;Thriller,female nudity;parent child relationship;nudity;motel;psychopath;sequel;revenge;murder;suspense;gore;blood;voyeur,R,English,$5000000.00,$34725000.00,,,,
86,86,a131,b1258,Les Misérables,Hugh Jackman;Russell Crowe;Anne Hathaway;Amanda Seyfried;Sacha Baron Cohen,Tom Hooper,William Nicholson;Alain Boublil,Drama;History;Musical;Romance;War,rebellion;parole;barricade;france;prostitution,PG-13,English,$61000000,$441809770,$28027000,Working Title Films;Cameron Mackintosh Ltd.;Universal Pictures,UK;USA,Les Miz,Les Misérables,Liam Neeson;Geoffrey Rush;Uma Thurman;Claire Danes;Hans Matheson,Bille August,Victor Hugo;Rafael Yglesias,Crime;Drama;History;Romance,falsely accused;prisoner;blackmail;french revolution;motherly love,PG-13,English,-,$14096321.00,,,,
87,87,a133,b1366,Harry Potter and the Goblet of Fire,Eric Sykes;Timothy Spall;David Tennant;Daniel Radcliffe;Emma Watson,Mike Newell,Steve Kloves;J.K. Rowling,Adventure;Family;Fantasy;Mystery,tournament;wizard;magic;school of magic;heroism,PG-13,English;French,$150000000,$896911078,$102335066,Warner Bros.;Heyday Films;Patalex IV Productions Limited,UK;USA,Harry Potter and the Goblet of Fire: The IMAX Experience,Harry Potter and the Prisoner of Azkaban,Daniel Radcliffe;Rupert Grint;Emma Watson;Gary Oldman;David Thewlis,Alfonso Cuarón,Steve Kloves;J.K. Rowling,Adventure;Fantasy;Family,flying;traitor;magic;cutting the cord;child hero;broom;sorcerer's apprentice;school of witchcraft;griffon;black magic;time travel;best friend;werewolf;dark;muggle;aftercreditsstinger,PG,English,$130000000.00,$789804554.00,,,,
88,88,a133,b1533,Harry Potter and the Goblet of Fire,Eric Sykes;Timothy Spall;David Tennant;Daniel Radcliffe;Emma Watson,Mike Newell,Steve Kloves;J.K. Rowling,Adventure;Family;Fantasy;Mystery,tournament;wizard;magic;school of magic;heroism,PG-13,English;French,$150000000,$896911078,$102335066,Warner Bros.;Heyday Films;Patalex IV Productions Limited,UK;USA,Harry Potter and the Goblet of Fire: The IMAX Experience,Harry Potter and the Deathly Hallows: Part 1,Daniel Radcliffe;Emma Watson;Rupert Grint;Ralph Fiennes;Helena Bonham Carter,David Yates,Steve Kloves;J.K. Rowling,Adventure;Fantasy;Family,corruption;isolation;radio;magic;teleportation;bravery;tension;attack;werewolf,PG-13,English,$250000000.00,$954305868.00,,,,
89,89,a133,b3595,Harry Potter and the Goblet of Fire,Eric Sykes;Timothy Spall;David Tennant;Daniel Radcliffe;Emma Watson,Mike Newell,Steve Kloves;J.K. Rowling,Adventure;Family;Fantasy;Mystery,tournament;wizard;magic;school of magic;heroism,PG-13,English;French,$150000000,$896911078,$102335066,Warner Bros.;Heyday Films;Patalex IV Productions Limited,UK;USA,Harry Potter and the Goblet of Fire: The IMAX Experience,Harry Potter and the Half-Blood Prince,Daniel Radcliffe;Rupert Grint;Emma Watson;Tom Felton;Michael Gambon,David Yates,Steve Kloves;J.K. Rowling,Adventure;Fantasy;Family,witch;magic;broom;school of witchcraft;apparition;teenage crush;werewolf;wizard,PG,English,$250000000.00,$933959197.00,,,,
90,90,a133,b3626,Harry Potter and the Goblet of Fire,Eric Sykes;Timothy Spall;David Tennant;Daniel Radcliffe;Emma Watson,Mike Newell,Steve Kloves;J.K. Rowling,Adventure;Family;Fantasy;Mystery,tournament;wizard;magic;school of magic;heroism,PG-13,English;French,$150000000,$896911078,$102335066,Warner Bros.;Heyday Films;Patalex IV Productions Limited,UK;USA,Harry Potter and the Goblet of Fire: The IMAX Experience,Harry Potter and the Deathly Hallows: Part 2,Daniel Radcliffe;Rupert Grint;Emma Watson;Alan Rickman;Maggie Smith,David Yates,Steve Kloves;J.K. Rowling,Family;Fantasy;Adventure,self sacrifice;magic;frog;sorcerer;school;wizard;3d,PG-13,English,$125000000.00,$1342000000.00,,,,
91,91,a133,b3843,Harry Potter and the Goblet of Fire,Eric Sykes;Timothy Spall;David Tennant;Daniel Radcliffe;Emma Watson,Mike Newell,Steve Kloves;J.K. Rowling,Adventure;Family;Fantasy;Mystery,tournament;wizard;magic;school of magic;heroism,PG-13,English;French,$150000000,$896911078,$102335066,Warner Bros.;Heyday Films;Patalex IV Productions Limited,UK;USA,Harry Potter and the Goblet of Fire: The IMAX Experience,Harry Potter and the Philosopher's Stone,Daniel Radcliffe;Rupert Grint;Emma Watson;Richard Harris;Tom Felton,Chris Columbus,Steve Kloves;J.K. Rowling,Adventure;Fantasy;Family,witch;christmas party;magic;cutting the cord;halloween;child hero;broom;chosen one;frog;fantasy world;based on young adult novel,PG,English,$125000000.00,$976475550.00,,,,
92,92,a133,b3892,Harry Potter and the Goblet of Fire,Eric Sykes;Timothy Spall;David Tennant;Daniel Radcliffe;Emma Watson,Mike Newell,Steve Kloves;J.K. Rowling,Adventure;Family;Fantasy;Mystery,tournament;wizard;magic;school of magic;heroism,PG-13,English;French,$150000000,$896911078,$102335066,Warner Bros.;Heyday Films;Patalex IV Productions Limited,UK;USA,Harry Potter and the Goblet of Fire: The IMAX Experience,Harry Potter and the Chamber of Secrets,Daniel Radcliffe;Rupert Grint;Emma Watson;Richard Harris;Alan Rickman,Chris Columbus,Steve Kloves;J.K. Rowling,Adventure;Fantasy;Family,flying car;witch;magic;cutting the cord;child hero;broom;sorcerer's apprentice;school of witchcraft;giant spider;giant snake;black magic;aftercreditsstinger,PG,English,$100000000.00,$876688482.00,,,,
93,93,a145,b1942,Die Hard,Bruce Willis;Bonnie Bedelia;Reginald VelJohnson;Paul Gleason;William Atherton,John McTiernan,Roderick Thorp;Jeb Stuart,Action;Thriller,hostage;one against many;christmas eve;christmas;terrorist,R,English;German;Italian,$28000000,$140767956,$601851,Twentieth Century Fox;Gordon Company;Silver Pictures,USA,Duro de matar,Die Hard 2,Bruce Willis;Bonnie Bedelia;William Atherton;Reginald VelJohnson;Franco Nero,Renny Harlin,Doug Richardson;Walter Wager;Steven E. de Souza,Action;Thriller,ambush;helicopter;journalist;based on novel;airport;hand grenade;fistfight;cop;sequel;snow;dulles international airport;shootout;officer involved shooting;terrorism;explosion;church;violence;sabotage;walkie talkie;swat team;air traffic control;commando unit;snowmobile,R,English,$70000000.00,$240031094.00,,,,
94,94,a147,b2550,Batman Begins,Christian Bale;Michael Caine;Liam Neeson;Katie Holmes;Gary Oldman,Christopher Nolan,Bob Kane;David S. Goyer,Action;Adventure;Thriller,social decay;well;deception;falling down a well;falling into a well,PG-13,English;Urdu;Mandarin,$150000000,$374218673,$48745440,Warner Bros.;Syncopy;DC Comics,USA;UK,Batman 5,The Dark Knight,Christian Bale;Michael Caine;Heath Ledger;Aaron Eckhart;Gary Oldman,Christopher Nolan,Christopher Nolan;David S. Goyer;Jonathan Nolan,Drama;Action;Crime;Thriller,dc comics;crime fighter;secret identity;scarecrow;sadism;chaos;gotham city;vigilante;joker;superhero;based on comic;tragic hero;organized crime;criminal mastermind;district attorney;super power;imax;super villain,PG-13,English,$185000000.00,$1004558444.00,,,,
95,95,a149,b899,Star Wars: Episode IV - A New Hope,Mark Hamill;Harrison Ford;Carrie Fisher;Peter Cushing;Alec Guinness,George Lucas,George Lucas,Action;Adventure;Fantasy;Sci-Fi,rebellion;empire;galactic war;princess;droid,PG,English,$11000000,$775398007,$1554475,Lucasfilm;Twentieth Century Fox,USA,A New Hope,Return of the Jedi,Mark Hamill;Harrison Ford;Carrie Fisher;Billy Dee Williams;Anthony Daniels,Richard Marquand,George Lucas;George Lucas;Lawrence Kasdan,Adventure;Action;Science Fiction,sibling relationship;rebel;emperor;space battle;matter of life and death;spaceship;death star;jabba the hutt;ewoks;jedi;space opera,PG,English,$32350000.00,$572700000.00,,,,
96,96,a149,b3133,Star Wars: Episode IV - A New Hope,Mark Hamill;Harrison Ford;Carrie Fisher;Peter Cushing;Alec Guinness,George Lucas,George Lucas,Action;Adventure;Fantasy;Sci-Fi,rebellion;empire;galactic war;princess;droid,PG,English,$11000000,$775398007,$1554475,Lucasfilm;Twentieth Century Fox,USA,A New Hope,The Empire Strikes Back,Mark Hamill;Harrison Ford;Carrie Fisher;Billy Dee Williams;Anthony Daniels,Irvin Kershner,Lawrence Kasdan;Leigh Brackett;George Lucas,Adventure;Action;Science Fiction,rebel;android;asteroid;space battle;snow storm;space colony;spaceship;lightsaber;jedi;good vs evil;rebellion;the force;space opera;stormtrooper;wookie;jedi master;jedi training;droid,PG,English,$18000000.00,$538400000.00,,,,
97,97,a150,b3532,Dracula,Gary Oldman;Winona Ryder;Anthony Hopkins;Keanu Reeves;Richard E. Grant,Francis Ford Coppola,Bram Stoker;James V. Hart,Horror,dracula;monster sex;vampire;horror movie remake;female vampire,R,English;Romanian;Greek;Bulgarian;Latin,$40000000,$215862692,$30521679,American Zoetrope;Columbia Pictures Corporation;Osiris Films,USA,Bram Stoker's Dracula,Dracula,Bela Lugosi;Helen Chandler;David Manners;Dwight Frye;Edward Van Sloan,Tod Browning,Louis Bromfield;Bram Stoker,Horror,transylvania;based on novel;monster;castle;vampire;dracula;spider;count;based on play or musical;undead;sanitarium;classic horror;lunatic,PG,English,$355000.00,-,,,,
98,98,a150,b4548,Dracula,Gary Oldman;Winona Ryder;Anthony Hopkins;Keanu Reeves;Richard E. Grant,Francis Ford Coppola,Bram Stoker;James V. Hart,Horror,dracula;monster sex;vampire;horror movie remake;female vampire,R,English;Romanian;Greek;Bulgarian;Latin,$40000000,$215862692,$30521679,American Zoetrope;Columbia Pictures Corporation;Osiris Films,USA,Bram Stoker's Dracula,Dracula,Peter Cushing;Christopher Lee;Michael Gough;Melissa Stribling;Carol Marsh,Terence Fisher,Jimmy Sangster;Bram Stoker,Horror,vampire;victim;vampire hunter;remake;gothic;cult film;hammer films,,English,$10000000.00,-,,,,
99,99,a151,b552,Harry Potter and the Prisoner of Azkaban,Daniel Radcliffe;Richard Griffiths;Pam Ferris;Fiona Shaw;Harry Melling,Alfonso Cuarón,J.K. Rowling;Steve Kloves,Adventure;Family;Fantasy;Mystery,magic;wizard;muggle;serial killer;traitor,PG,English,$130000000,$796688549,$93687367,Warner Bros.;1492 Pictures;Heyday Films,UK;USA,Harry Potter and the Prisoner of Azkaban: The IMAX Experience,Harry Potter and the Goblet of Fire,Daniel Radcliffe;Rupert Grint;Emma Watson;Ralph Fiennes;Michael Gambon,Mike Newell,Steve Kloves;J.K. Rowling,Adventure;Fantasy;Family,magic;dying and death;broom;sorcerer's apprentice;school of witchcraft;chosen one;black magic;boarding school;vision;tournament;teenager;wizard;teenage hero;based on young adult novel,PG-13,English,$150000000.00,$895921036.00,,,,
